{
	"version": 2,
	"settings": {
		"appearanceTools": true,
		"border": {
			"color": true,
			"radius": false,
			"style": false,
			"width": false
		},
		"color": {
			"text": true,
			"background": true,
			"link": true,
			"custom": true,
			"customDuotone": false,
			"customGradient": false,
			"defaultDuotone": false,
			"defaultGradients": false,
			"defaultPalette": false,
			"palette": [
				{
					"color": "#ffffff",
					"name": "Base",
					"slug": "base"
				},
				{
					"color": "#000000",
					"name": "Contrast",
					"slug": "contrast"
				},
				{
					"color": "#9DFF20",
					"name": "Primary",
					"slug": "primary"
				},
				{
					"color": "#345C00",
					"name": "Secondary",
					"slug": "secondary"
				},
				{
					"color": "#F6F6F6",
					"name": "Tertiary",
					"slug": "tertiary"
				}
			]
		},
		"layout": {
			"contentSize": null,
			"wideSize": null
		},
		"spacing": {
			"blockGap": null,
			"margin": true,
			"padding": false,
			"spacingScale": {
				"steps": 0
			},
			"spacingSizes": [
				{
					"size": "clamp(1.5rem, 5vw, 2rem)",
					"slug": "30",
					"name": "1"
				},
				{
					"size": "clamp(1.8rem, 1.8rem + ((1vw - 0.48rem) * 2.885), 3rem)",
					"slug": "40",
					"name": "2"
				},
				{
					"size": "clamp(2.5rem, 8vw, 4.5rem)",
					"slug": "50",
					"name": "3"
				},
				{
					"size": "clamp(3.75rem, 10vw, 7rem)",
					"slug": "60",
					"name": "4"
				},
				{
					"size": "clamp(5rem, 5.25rem + ((1vw - 0.48rem) * 9.096), 8rem)",
					"slug": "70",
					"name": "5"
				},
				{
					"size": "clamp(7rem, 14vw, 11rem)",
					"slug": "80",
					"name": "6"
				}
			],
			"units": [
				"%",
				"px",
				"em",
				"rem",
				"vh",
				"vw"
			]
		},
		"typography": {
			"customFontSize": true,
			"fontStyle": true,
			"fontWeight": false,
			"letterSpacing": false,
			"lineHeight": false,
			"textDecoration": false,
			"textTransform": false,
			"dropCap": false,
			"fontFamilies": [
				{
					"fontFace": [
						{
							"fontFamily": "Open Sans",
							"fontStretch": "normal",
							"fontStyle": "normal",
							"fontWeight": "400",
							"src": [
								"file:./assets/fonts/Open_Sans/OpenSans-Regular.ttf"
							]
						}
					],
					"fontFamily": "\"Open Sans\", sans-serif",
					"name": "Open Sans",
					"slug": "open-sans"
				},
				{
					"fontFace": [
						{
							"fontFamily": "montserrat",
							"fontStretch": "normal",
							"fontStyle": "normal",
							"fontWeight": "300",
							"src": [
								"file:./assets/fonts/Montserrat/Montserrat-Light.ttf"
							]
						},
						{
							"fontFamily": "montserrat",
							"fontStretch": "normal",
							"fontStyle": "normal",
							"fontWeight": "400",
							"src": [
								"file:./assets/fonts/Montserrat/Montserrat-Light.ttf"
							]
						},
						{
							"fontFamily": "montserrat",
							"fontStretch": "normal",
							"fontStyle": "normal",
							"fontWeight": "500",
							"src": [
								"file:./assets/fonts/Montserrat/Montserrat-Light.ttf"
							]
						}
					],
					"fontFamily": "\"montserrat\", sans-serif",
					"name": "Montserrat",
					"slug": "montserrat"
				}
			],
			"fontSizes": [
				{
					"fluid": {
						"min": "0.875rem",
						"max": "1rem"
					},
					"size": "1rem",
					"slug": "small"
				},
				{
					"fluid": {
						"min": "1rem",
						"max": "1.125rem"
					},
					"size": "1.125rem",
					"slug": "medium"
				},
				{
					"fluid": {
						"min": "1.75rem",
						"max": "1.875rem"
					},
					"size": "1.75rem",
					"slug": "large"
				},
				{
					"fluid": false,
					"size": "2.25rem",
					"slug": "x-large"
				},
				{
					"fluid": {
						"min": "4rem",
						"max": "10rem"
					},
					"size": "10rem",
					"slug": "xx-large"
				}
			]
		},
		"custom": {
			"body-line-height": "1.6"
		}
	},
	"styles": {
		"blocks": {
			"core/navigation": {
				"elements": {
					"link": {
						":hover": {
							"typography": {
								"textDecoration": "underline"
							}
						},
						":focus": {
							"typography": {
								"textDecoration": "underline dashed"
							}
						},
						":active": {
							"typography": {
								"textDecoration": "none"
							}
						},
						"typography": {
							"textDecoration": "none"
						}
					}
				},
				"typography": {
					"fontSize": "var(--wp--preset--font-size--small)"
				}
			},
			"core/post-title": {
				"spacing": {
					"margin": {
						"bottom": "1.25rem",
						"top": "1.25rem"
					}
				},
				"typography": {
					"fontWeight": "400"
				},
				"elements": {
					"link": {
						":hover": {
							"typography": {
								"textDecoration": "underline"
							}
						},
						":focus": {
							"typography": {
								"textDecoration": "underline dashed"
							}
						},
						":active": {
							"color": {
								"text": "var(--wp--preset--color--secondary)"
							},
							"typography": {
								"textDecoration": "none"
							}
						},
						"typography": {
							"textDecoration": "none"
						}
					}
				}
			}
		},
		"color": {
			"background": "var(--wp--preset--color--base)",
			"text": "var(--wp--preset--color--contrast)"
		},
		"elements": {
			"button": {
				"border": {
					"radius": "0"
				},
				"color": {
					"background": "var(--wp--preset--color--primary)",
					"text": "var(--wp--preset--color--contrast)"
				},
				":hover": {
					"color": {
						"background": "var(--wp--preset--color--contrast)",
						"text": "var(--wp--preset--color--base)"
					}
				},
				":focus": {
					"color": {
						"background": "var(--wp--preset--color--contrast)",
						"text": "var(--wp--preset--color--base)"
					}
				},
				":active": {
					"color": {
						"background": "var(--wp--preset--color--secondary)",
						"text": "var(--wp--preset--color--base)"
					}
				},
				":visited": {
					"color": {
						"text": "var(--wp--preset--color--contrast)"
					}
				}
			},
			"h1": {
				"typography": {
					"fontSize": "3.625rem",
					"lineHeight": "1.2"
				}
			},
			"link": {
				"color": {
					"text": "var(--wp--preset--color--contrast)"
				},
				":hover": {
					"typography": {
						"textDecoration": "none"
					}
				},
				":focus": {
					"typography": {
						"textDecoration": "underline dashed"
					}
				},
				":active": {
					"color": {
						"text": "var(--wp--preset--color--secondary)"
					},
					"typography": {
						"textDecoration": "none"
					}
				},
				"typography": {
					"textDecoration": "underline"
				}
			}
		},
		"spacing": {
			"blockGap": "1.5rem",
			"padding": {
				"top": "var(--wp--preset--spacing--40)",
				"right": "var(--wp--preset--spacing--30)",
				"bottom": "var(--wp--preset--spacing--40)",
				"left": "var(--wp--preset--spacing--30)"
			}
		},
		"typography": {
			"fontFamily": "var(--wp--preset--font-family--system-font)",
			"fontSize": "var(--wp--preset--font-size--medium)",
			"lineHeight": "var(--wp-custom--body-line-height)"
		}
	}
}