{
	"version": 3,
	"$schema": "https://schemas.wp.org/wp/6.7/theme.json",
	"title": "Beiruti & Literata",
	"slug": "typography-preset-1",
	"settings": {
		"typography": {
			"fontFamilies": [
				{
					"name": "Beiruti",
					"slug": "beiruti",
					"fontFamily": "Beiruti, sans-serif",
					"fontFace": [
						{
							"fontFamily": "Beiruti",
							"fontStyle": "normal",
							"fontWeight": "200 900",
							"src": [
								"file:./assets/build/fonts/beiruti/Beiruti-VariableFont_wght.woff2"
							]
						}
					]
				},
				{
					"name": "Literata",
					"slug": "literata",
					"fontFamily": "Literata, serif",
					"fontFace": [
						{
							"src": [
								"file:./assets/build/fonts/literata/Literata72pt-ExtraLight.woff2"
							],
							"fontWeight": "200",
							"fontStyle": "normal",
							"fontFamily": "Literata"
						},
						{
							"src": [
								"file:./assets/build/fonts/literata/Literata72pt-ExtraLightItalic.woff2"
							],
							"fontWeight": "200",
							"fontStyle": "italic",
							"fontFamily": "Literata"
						},
						{
							"src": [
								"file:./assets/build/fonts/literata/Literata72pt-Light.woff2"
							],
							"fontWeight": "300",
							"fontStyle": "normal",
							"fontFamily": "Literata"
						},
						{
							"src": [
								"file:./assets/build/fonts/literata/Literata72pt-LightItalic.woff2"
							],
							"fontWeight": "300",
							"fontStyle": "italic",
							"fontFamily": "Literata"
						},
						{
							"src": [
								"file:./assets/build/fonts/literata/Literata72pt-Regular.woff2"
							],
							"fontWeight": "400",
							"fontStyle": "normal",
							"fontFamily": "Literata"
						},
						{
							"src": [
								"file:./assets/build/fonts/literata/Literata72pt-RegularItalic.woff2"
							],
							"fontWeight": "400",
							"fontStyle": "italic",
							"fontFamily": "Literata"
						},
						{
							"src": [
								"file:./assets/build/fonts/literata/Literata72pt-Medium.woff2"
							],
							"fontWeight": "500",
							"fontStyle": "normal",
							"fontFamily": "Literata"
						},
						{
							"src": [
								"file:./assets/build/fonts/literata/Literata72pt-MediumItalic.woff2"
							],
							"fontWeight": "500",
							"fontStyle": "italic",
							"fontFamily": "Literata"
						},
						{
							"src": [
								"file:./assets/build/fonts/literata/Literata72pt-SemiBold.woff2"
							],
							"fontWeight": "600",
							"fontStyle": "normal",
							"fontFamily": "Literata"
						},
						{
							"src": [
								"file:./assets/build/fonts/literata/Literata72pt-SemiBoldItalic.woff2"
							],
							"fontWeight": "600",
							"fontStyle": "italic",
							"fontFamily": "Literata"
						},
						{
							"src": [
								"file:./assets/build/fonts/literata/Literata72pt-Bold.woff2"
							],
							"fontWeight": "700",
							"fontStyle": "normal",
							"fontFamily": "Literata"
						},
						{
							"src": [
								"file:./assets/build/fonts/literata/Literata72pt-BoldItalic.woff2"
							],
							"fontWeight": "700",
							"fontStyle": "italic",
							"fontFamily": "Literata"
						},
						{
							"src": [
								"file:./assets/build/fonts/literata/Literata72pt-ExtraBold.woff2"
							],
							"fontWeight": "800",
							"fontStyle": "normal",
							"fontFamily": "Literata"
						},
						{
							"src": [
								"file:./assets/build/fonts/literata/Literata72pt-ExtraBoldItalic.woff2"
							],
							"fontWeight": "800",
							"fontStyle": "italic",
							"fontFamily": "Literata"
						},
						{
							"src": [
								"file:./assets/build/fonts/literata/Literata72pt-Black.woff2"
							],
							"fontWeight": "900",
							"fontStyle": "normal",
							"fontFamily": "Literata"
						},
						{
							"src": [
								"file:./assets/build/fonts/literata/Literata72pt-BlackItalic.woff2"
							],
							"fontWeight": "900",
							"fontStyle": "italic",
							"fontFamily": "Literata"
						}
					]
				}
			],
			"fontSizes": [
				{
					"fluid": false,
					"name": "Small",
					"size": "0.9rem",
					"slug": "small"
				},
				{
					"fluid": {
						"max": "1.2rem",
						"min": "1rem"
					},
					"name": "Medium",
					"size": "1rem",
					"slug": "medium"
				},
				{
					"fluid": {
						"max": "1.8rem",
						"min": "1.6rem"
					},
					"name": "Large",
					"size": "1.6rem",
					"slug": "large"
				},
				{
					"fluid": {
						"max": "2.2rem",
						"min": "1.8em"
					},
					"name": "Extra Large",
					"size": "1.8rem",
					"slug": "x-large"
				},
				{
					"fluid": {
						"max": "2.8rem",
						"min": "2rem"
					},
					"name": "Extra Extra Large",
					"size": "2rem",
					"slug": "xx-large"
				}
			]
		}
	},
	"styles": {
		"typography": {
			"fontFamily": "var:preset|font-family|literata",
			"fontSize": "var:preset|font-size|medium",
			"letterSpacing": "-0.01em",
			"lineHeight": "1.6"
		},
		"blocks": {
			"core/button": {
				"typography": {
					"fontFamily": "var:preset|font-family|beiruti"
				}
			},
			"core/list": {
				"typography": {
					"lineHeight": "1.3"
				}
			},
			"core/loginout": {
				"typography": {
					"fontSize": "var:preset|font-size|medium"
				}
			},
			"core/post-terms": {
				"typography": {
					"fontWeight": "300"
				}
			},
			"core/pullquote": {
				"typography": {
					"fontFamily": "var:preset|font-family|beiruti",
					"fontWeight": "500",
					"lineHeight": "1"
				}
			},
			"core/quote": {
				"typography": {
					"fontSize": "var:preset|font-size|medium"
				}
			},
			"core/query-pagination": {
				"typography": {
					"fontWeight": "300"
				}
			},
			"core/site-tagline": {
				"typography": {
					"fontSize": "var:preset|font-size|small"
				}
			},
			"core/site-title": {
				"typography": {
					"fontFamily": "var:preset|font-family|beiruti",
					"fontWeight": "600",
					"letterSpacing": "2.4px",
					"textTransform": "uppercase"
				}
			}
		},
		"elements": {
			"h4": {
				"typography": {
					"fontSize": "var:preset|font-size|large"
				}
			},
			"h5": {
				"typography": {
					"fontSize": "var:preset|font-size|medium",
					"letterSpacing": "0px"
				}
			},
			"h6": {
				"typography": {
					"fontSize": "var:preset|font-size|small"
				}
			},
			"heading": {
				"typography": {
					"fontFamily": "var:preset|font-family|beiruti",
					"fontWeight": "500",
					"letterSpacing": "-0.02em",
					"lineHeight": "1.02"
				}
			}
		}
	}
}
